Week,1,2026-10-15
boulevard,pink_ladies,
cpt_murph,smokeys_m,
churchills,barquito,
royal_oak,royal_dix,
hotshots,wobbly_dix,
wobbly,BYE,
Week,2,2026-10-22
barquito,wobbly,
churchills,royal_oak,
royal_dix,cpt_murph,
smokeys_m,pink_ladies,
wobbly_dix,boulevard,
BYE,hotshots,
Week,3,2026-10-29
boulevard,churchills,
cpt_murph,barquito,
royal_dix,wobbly_dix,
hotshots,smokeys_m,
wobbly,royal_oak,
pink_ladies,BYE,
Week,4,2026-11-05
boulevard,cpt_murph,
churchills,pink_ladies,
royal_oak,hotshots,
smokeys_m,wobbly,
wobbly_dix,barquito,
BYE,royal_dix,
Week,5,2026-11-12
barquito,royal_oak,
churchills,smokeys_m,
royal_dix,boulevard,
hotshots,cpt_murph,
wobbly,pink_ladies,
BYE,wobbly_dix,
Week,6,2026-11-19
cpt_murph,churchills,
pink_ladies,hotshots,
royal_oak,boulevard,
smokeys_m,royal_dix,
wobbly_dix,wobbly,
BYE,barquito,
Week,7,2026-11-26
boulevard,wobbly,
pink_ladies,royal_oak,
royal_dix,barquito,
hotshots,churchills,
wobbly_dix,smokeys_m,
BYE,cpt_murph,
Week,8,2026-12-03
boulevard,smokeys_m,
cpt_murph,pink_ladies,
royal_oak,wobbly_dix,
hotshots,barquito,
wobbly,royal_dix,
churchills,BYE,
Week,9,2026-12-10
barquito,pink_ladies,
churchills,wobbly,
royal_dix,hotshots,
smokeys_m,royal_oak,
wobbly_dix,cpt_murph,
BYE,boulevard,
Week,10,2027-01-07
boulevard,barquito,
cpt_murph,royal_oak,
pink_ladies,wobbly_dix,
royal_dix,churchills,
wobbly,hotshots,
smokeys_m,BYE,
Week,11,2027-01-14
barquito,smokeys_m,
cpt_murph,wobbly,
pink_ladies,royal_dix,
hotshots,boulevard,
wobbly_dix,churchills,
royal_oak,BYE,
Week,12,2027-01-21
boulevard,hotshots,
churchills,wobbly_dix,
royal_dix,pink_ladies,
smokeys_m,barquito,
wobbly,cpt_murph,
BYE,royal_oak,
Week,13,2027-01-28
cpt_murph,wobbly_dix,
pink_ladies,barquito,
royal_oak,smokeys_m,
hotshots,royal_dix,
wobbly,churchills,
boulevard,BYE,
